{"cameraMode":{"drawMode":0,"name":"Shaded","section":"Shading Mode"},"sceneLighting":true,"audioPlay":false,"sceneViewState":{"m_AlwaysRefresh":false,"showFog":true,"showSkybox":true,"showFlares":true,"showImageEffects":true,"showParticleSystems":true,"showVisualEffectGraphs":true,"m_FxEnabled":false},"in2DMode":false,"pivot":{"x":1.3264129161834717,"y":1.0526628494262696,"z":0.8899068832397461},"rotation":{"x":-0.05298730731010437,"y":0.9468052983283997,"z":-0.21402136981487275,"w":-0.23440928757190705},"size":4.094196796417236,"orthographic":false}